location.name,collected,event.count,treatment.name,duplicate,sample.id,analyte,result,units,non.detect,method,cas.number,mdl,rl,event.type,lab.id.x,dilution,result.reported.to,flag,method.name,flow.vol.liter,long,lat,received
2200,6/7/2021,Irrigation 1,Outflow,FALSE,A2-01-OT-1,"Nitrogen, Nitrate (As N)",9.4,mg/L,FALSE,E300 - 300_W,14797-55-8,0.15,0.5,,,,,,,,,,
2200,6/7/2021,Irrigation 1,Outflow,TRUE,A2-01-OT-1-D,"Nitrogen, Nitrate (As N)",9.5,mg/L,FALSE,E300 - 300_W,14797-55-8,0.15,0.5,,,,,,,,,,
2200,6/7/2021,Irrigation 1,Outflow,FALSE,A2-01-OT-2,"Nitrogen, Nitrate (As N)",9.1,mg/L,FALSE,E300 - 300_W,14797-55-8,0.15,0.5,,,,,,,,,,
2200,6/7/2021,Irrigation 1,Outflow,TRUE,A2-01-OT-2-D,"Nitrogen, Nitrate (As N)",9.1,mg/L,FALSE,E300 - 300_W,14797-55-8,0.15,0.5,,,,,,,,,,
2200,6/15/2021,Irrigation 2,Outflow,FALSE,A2-02-OT-1,"Nitrogen, Nitrate (As N)",8.4,mg/L,FALSE,E300 - 300_W,14797-55-8,0.15,0.5,,,,,,,,,,
2200,6/15/2021,Irrigation 2,Outflow,TRUE,A2-02-OT-D,"Nitrogen, Nitrate (As N)",8.3,mg/L,FALSE,E300 - 300_W,14797-55-8,0.15,0.5,,,,,,,,,,
2200,6/15/2021,Irrigation 2,Inflow,FALSE,A2-02-IN,"Nitrogen, Nitrate (As N)",9.5,mg/L,FALSE,E300 - 300_W,14797-55-8,0.15,0.5,,,,,,,,,,
2200,6/15/2021,Irrigation 2,Inflow,TRUE,A2-02-IN-D,"Nitrogen, Nitrate (As N)",9.7,mg/L,FALSE,E300 - 300_W,14797-55-8,0.15,0.5,,,,,,,,,,
2200,6/30/2021,Irrigation 3,Outflow,FALSE,A2-03-OT-1,"Nitrogen, Nitrate (As N)",7.6,mg/L,FALSE,E300 - 300_W,14797-55-8,0.15,0.5,,,,,,,,,,
2200,6/30/2021,Irrigation 3,Outflow,TRUE,A2-03-OT-D-1,"Nitrogen, Nitrate (As N)",7.7,mg/L,FALSE,E300 - 300_W,14797-55-8,0.15,0.5,,,,,,,,,,
2200,6/30/2021,Irrigation 3,Outflow,FALSE,A2-03-OT-2,"Nitrogen, Nitrate (As N)",7.3,mg/L,FALSE,E300 - 300_W,14797-55-8,0.15,0.5,,,,,,,,,,
2200,6/30/2021,Irrigation 3,Outflow,TRUE,A2-03-OT-D-2,"Nitrogen, Nitrate (As N)",7.3,mg/L,FALSE,E300 - 300_W,14797-55-8,0.15,0.5,,,,,,,,,,
2200,6/30/2021,Irrigation 3,Inflow,FALSE,A2-03-IN-2,"Nitrogen, Nitrate (As N)",8.6,mg/L,FALSE,E300 - 300_W,14797-55-8,0.15,0.5,,,,,,,,,,
2200,6/30/2021,Irrigation 3,Inflow,TRUE,A2-03-IN-D-2,"Nitrogen, Nitrate (As N)",8.6,mg/L,FALSE,E300 - 300_W,14797-55-8,0.15,0.5,,,,,,,,,,
2200,6/29/2022,Irrigation 1,ARDEC 2200,FALSE,AT-01-IN,"Nitrogen, Nitrate (As N)",7,mg/L,FALSE,E300 - 300_W,14797-55-8,0.15,0.5,,,,,,,,,,
2200,6/29/2022,Irrigation 1,ARDEC 2200,TRUE,AT-01-IN-D,"Nitrogen, Nitrate (As N)",7.1,mg/L,FALSE,E300 - 300_W,14797-55-8,0.15,0.5,,,,,,,,,,
2200,6/29/2022,Irrigation 1,ARDEC 2200,FALSE,AT-01-OT,"Nitrogen, Nitrate (As N)",6.8,mg/L,FALSE,E300 - 300_W,14797-55-8,0.15,0.5,,,,,,,,,,
2200,6/29/2022,Irrigation 1,ARDEC 2200,TRUE,AT-01-OT-D,"Nitrogen, Nitrate (As N)",6.8,mg/L,FALSE,E300 - 300_W,14797-55-8,0.15,0.5,,,,,,,,,,
2200,7/13/2022,Irrigation 2,ARDEC 2200,FALSE,A2-02-IN,"Nitrogen, Nitrate (As N)",7.2,mg/L,FALSE,E300 - 300_W,14797-55-8,0.15,0.5,,,,,,,,,,
2200,7/13/2022,Irrigation 2,ARDEC 2200,TRUE,A2-02-IN-D,"Nitrogen, Nitrate (As N)",7.2,mg/L,FALSE,E300 - 300_W,14797-55-8,0.15,0.5,,,,,,,,,,
2200,7/13/2022,Irrigation 2,ARDEC 2200,FALSE,A2-02-OT,"Nitrogen, Nitrate (As N)",6.8,mg/L,FALSE,E300 - 300_W,14797-55-8,0.15,0.5,,,,,,,,,,
2200,7/13/2022,Irrigation 2,ARDEC 2200,TRUE,A2-02-OT-D,"Nitrogen, Nitrate (As N)",6.8,mg/L,FALSE,E300 - 300_W,14797-55-8,0.15,0.5,,,,,,,,,,
2200,7/19/2022,Irrigation 3,ARDEC 2200,FALSE,A2-03-IN,"Nitrogen, Nitrate (As N)",8.2,mg/L,FALSE,E300 - 300_W,14797-55-8,0.15,0.5,,,,,,,,,,
2200,7/19/2022,Irrigation 3,ARDEC 2200,TRUE,A2-03-IN-D,"Nitrogen, Nitrate (As N)",8.23,mg/L,FALSE,E300 - 300_W,14797-55-8,0.15,0.5,,,,,,,,,,
2200,7/19/2022,Irrigation 3,ARDEC 2200,FALSE,A2-03-OT,"Nitrogen, Nitrate (As N)",8.14,mg/L,FALSE,E300 - 300_W,14797-55-8,0.15,0.5,,,,,,,,,,
2200,7/19/2022,Irrigation 3,ARDEC 2200,TRUE,A2-03-OT-D,"Nitrogen, Nitrate (As N)",8.17,mg/L,FALSE,E300 - 300_W,14797-55-8,0.15,0.5,,,,,,,,,,
2200,7/27/2022,Irrigation 4,ARDEC 2200,FALSE,A2-04-IN,"Nitrogen, Nitrate (As N)",6.7,mg/L,FALSE,E300 - 300_W,14797-55-8,0.15,0.5,,,,,,,,,,
2200,7/27/2022,Irrigation 4,ARDEC 2200,FALSE,A2-04-OT,"Nitrogen, Nitrate (As N)",5.7,mg/L,FALSE,E300 - 300_W,14797-55-8,0.15,0.5,,,,,,,,,,
2200,7/27/2022,Irrigation 4,ARDEC 2200,TRUE,A2-04-OT-D,"Nitrogen, Nitrate (As N)",5.7,mg/L,FALSE,E300 - 300_W,14797-55-8,0.15,0.5,,,,,,,,,,
2200,8/20/2022,Irrigation 5,ARDEC 2200,FALSE,A2-05-IN-1,"Nitrogen, Nitrate (As N)",8.2,mg/L,FALSE,E300 - 300_W,14797-55-8,0.15,0.5,,,,,,,,,,
2200,8/20/2022,Irrigation 5,ARDEC 2200,TRUE,A2-05-IN-1-D,"Nitrogen, Nitrate (As N)",8.3,mg/L,FALSE,E300 - 300_W,14797-55-8,0.15,0.5,,,,,,,,,,
2200,8/20/2022,Irrigation 5,ARDEC 2200,FALSE,A2-05-OT-1,"Nitrogen, Nitrate (As N)",7.2,mg/L,FALSE,E300 - 300_W,14797-55-8,0.15,0.5,,,,,,,,,,
2200,8/20/2022,Irrigation 5,ARDEC 2200,TRUE,A2-05-OT-1-D,"Nitrogen, Nitrate (As N)",7.3,mg/L,FALSE,E300 - 300_W,14797-55-8,0.15,0.5,,,,,,,,,,
2200,8/26/2022,Irrigation 6,ARDEC 2200,FALSE,A2-06-GP-1,"Nitrogen, Nitrate (As N)",8.1,mg/L,FALSE,E300 - 300_W,14797-55-8,0.15,0.5,,,,,,,,,,
2200,8/26/2022,Irrigation 6,ARDEC 2200,FALSE,A2-06-IN-1,"Nitrogen, Nitrate (As N)",8,mg/L,FALSE,E300 - 300_W,14797-55-8,0.15,0.5,,,,,,,,,,
2200,8/26/2022,Irrigation 6,ARDEC 2200,TRUE,A2-06-IN-1-D,"Nitrogen, Nitrate (As N)",7.7,mg/L,FALSE,E300 - 300_W,14797-55-8,0.15,0.5,,,,,,,,,,
2200,8/26/2022,Irrigation 6,ARDEC 2200,FALSE,A2-06-OT-1,"Nitrogen, Nitrate (As N)",6.7,mg/L,FALSE,E300 - 300_W,14797-55-8,0.15,0.5,,,,,,,,,,
2200,8/26/2022,Irrigation 6,ARDEC 2200,TRUE,A2-06-OT-1-D,"Nitrogen, Nitrate (As N)",6.5,mg/L,FALSE,E300 - 300_W,14797-55-8,0.15,0.5,,,,,,,,,,
ARDEC,7/18/2023 16:00,Irrigation 1,,FALSE,A2-01-IN-ISC,"Nitrogen, Nitrate (As N)",2.25,mg/L,FALSE,E300 - 300_W,14797-55-8,0.03,0.1,Inflow,HS23071046-06,1,RL,,ISCO,,,,7/18/2023 13:35
ARDEC,7/18/2023 16:00,Irrigation 1,,FALSE,A2-01-OT-ISC,"Nitrogen, Nitrate (As N)",3.27,mg/L,FALSE,E300 - 300_W,14797-55-8,0.03,0.1,Outflow,HS23071046-04,1,RL,,ISCO,,,,7/18/2023 13:35
Lab Blank,7/18/2023 16:00,Irrigation 1,,FALSE,BK-A2-01,"Nitrogen, Nitrate (As N)",0,mg/L,FALSE,E300 - 300_W,14797-55-8,0.03,0.1,Lab Blank,HS23071046-05,1,RL,,Lab Blank,,,,7/18/2023 13:35
ARDEC,8/16/2023 3:00,Irrigation 2,,FALSE,A2-02-OT-ISC,"Nitrogen, Nitrate (As N)",9.27,mg/L,FALSE,E300 - 300_W,14797-55-8,0.03,0.1,Outflow,HS23081137-01,1,RL,H,ISCO,,,,8/18/2023 9:50
ARDEC,8/16/2023 3:00,Irrigation 2,,TRUE,A2-02-OT-ISC-D,"Nitrogen, Nitrate (As N)",9.16,mg/L,FALSE,E300 - 300_W,14797-55-8,0.03,0.1,Outflow,HS23081137-02,1,RL,H,ISCO,,,,8/18/2023 9:50
Lab Blank,8/16/2023 3:00,Irrigation 2,,FALSE,BK-A2-02,"Nitrogen, Nitrate (As N)",0,mg/L,FALSE,E300 - 300_W,14797-55-8,0.03,0.1,Lab Blank,HS23081137-03,1,RL,,Lab Blank,,,,8/18/2023 9:50
ARDEC,8/22/2023 16:00,Irrigation 3,,FALSE,A2-03-IN-ISC,"Nitrogen, Nitrate (As N)",9.53,mg/L,FALSE,E300 - 300_W,14797-55-8,0.06,0.2,Inflow,HS23081394-04,2,RL,,ISCO,,,,8/23/2023 8:00
ARDEC,8/22/2023 16:00,Irrigation 3,,TRUE,A2-03-IN-ISC-D,"Nitrogen, Nitrate (As N)",9.48,mg/L,FALSE,E300 - 300_W,14797-55-8,0.06,0.2,Inflow,HS23081394-05,2,RL,,ISCO,,,,8/23/2023 8:00
ARDEC,8/22/2023 16:00,Irrigation 3,,FALSE,A2-03-OT-ISC,"Nitrogen, Nitrate (As N)",8.95,mg/L,FALSE,E300 - 300_W,14797-55-8,0.06,0.2,Outflow,HS23081394-01,2,RL,,ISCO,,,,8/23/2023 8:00
ARDEC,8/22/2023 16:00,Irrigation 3,,TRUE,A2-03-OT-ISC-D,"Nitrogen, Nitrate (As N)",8.87,mg/L,FALSE,E300 - 300_W,14797-55-8,0.06,0.2,Outflow,HS23081394-02,2,RL,,ISCO,,,,8/23/2023 8:00
Lab Blank,8/22/2023 16:00,Irrigation 3,,FALSE,BK-A2-03,"Nitrogen, Nitrate (As N)",0,mg/L,FALSE,E300 - 300_W,14797-55-8,0.03,0.1,Lab Blank,HS23081394-03,1,RL,,Lab Blank,,,,8/23/2023 8:00
2200,6/7/2021,Irrigation 1,Outflow,FALSE,A2-01-OT-1,"Nitrogen, Nitrite  (As N)",,mg/L,FALSE,E300 - 300_W,14797-65-0,0.15,0.5,,,,,,,,,,
2200,6/7/2021,Irrigation 1,Outflow,TRUE,A2-01-OT-1-D,"Nitrogen, Nitrite  (As N)",,mg/L,FALSE,E300 - 300_W,14797-65-0,0.15,0.5,,,,,,,,,,
2200,6/7/2021,Irrigation 1,Outflow,FALSE,A2-01-OT-2,"Nitrogen, Nitrite  (As N)",,mg/L,FALSE,E300 - 300_W,14797-65-0,0.15,0.5,,,,,,,,,,
2200,6/7/2021,Irrigation 1,Outflow,TRUE,A2-01-OT-2-D,"Nitrogen, Nitrite  (As N)",,mg/L,FALSE,E300 - 300_W,14797-65-0,0.15,0.5,,,,,,,,,,
2200,6/15/2021,Irrigation 2,Outflow,FALSE,A2-02-OT-1,"Nitrogen, Nitrite  (As N)",,mg/L,FALSE,E300 - 300_W,14797-65-0,0.15,0.5,,,,,,,,,,
2200,6/15/2021,Irrigation 2,Outflow,TRUE,A2-02-OT-D,"Nitrogen, Nitrite  (As N)",,mg/L,FALSE,E300 - 300_W,14797-65-0,0.15,0.5,,,,,,,,,,
2200,6/15/2021,Irrigation 2,Inflow,FALSE,A2-02-IN,"Nitrogen, Nitrite  (As N)",,mg/L,FALSE,E300 - 300_W,14797-65-0,0.15,0.5,,,,,,,,,,
2200,6/15/2021,Irrigation 2,Inflow,TRUE,A2-02-IN-D,"Nitrogen, Nitrite  (As N)",,mg/L,FALSE,E300 - 300_W,14797-65-0,0.15,0.5,,,,,,,,,,
2200,6/30/2021,Irrigation 3,Outflow,FALSE,A2-03-OT-1,"Nitrogen, Nitrite  (As N)",,mg/L,FALSE,E300 - 300_W,14797-65-0,0.15,0.5,,,,,,,,,,
2200,6/30/2021,Irrigation 3,Outflow,TRUE,A2-03-OT-D-1,"Nitrogen, Nitrite  (As N)",,mg/L,FALSE,E300 - 300_W,14797-65-0,0.15,0.5,,,,,,,,,,
2200,6/30/2021,Irrigation 3,Outflow,FALSE,A2-03-OT-2,"Nitrogen, Nitrite  (As N)",,mg/L,FALSE,E300 - 300_W,14797-65-0,0.15,0.5,,,,,,,,,,
2200,6/30/2021,Irrigation 3,Outflow,TRUE,A2-03-OT-D-2,"Nitrogen, Nitrite  (As N)",,mg/L,FALSE,E300 - 300_W,14797-65-0,0.15,0.5,,,,,,,,,,
2200,6/30/2021,Irrigation 3,Inflow,FALSE,A2-03-IN-2,"Nitrogen, Nitrite  (As N)",,mg/L,FALSE,E300 - 300_W,14797-65-0,0.15,0.5,,,,,,,,,,
2200,6/30/2021,Irrigation 3,Inflow,TRUE,A2-03-IN-D-2,"Nitrogen, Nitrite  (As N)",,mg/L,FALSE,E300 - 300_W,14797-65-0,0.15,0.5,,,,,,,,,,
2200,6/29/2022,Irrigation 1,ARDEC 2200,FALSE,AT-01-IN,"Nitrogen, Nitrite  (As N)",,mg/L,FALSE,E300 - 300_W,14797-65-0,0.15,0.5,,,,,,,,,,
2200,6/29/2022,Irrigation 1,ARDEC 2200,TRUE,AT-01-IN-D,"Nitrogen, Nitrite  (As N)",,mg/L,FALSE,E300 - 300_W,14797-65-0,0.15,0.5,,,,,,,,,,
2200,6/29/2022,Irrigation 1,ARDEC 2200,FALSE,AT-01-OT,"Nitrogen, Nitrite  (As N)",2.5,mg/L,FALSE,E300 - 300_W,14797-65-0,0.15,0.5,,,,,,,,,,
2200,6/29/2022,Irrigation 1,ARDEC 2200,TRUE,AT-01-OT-D,"Nitrogen, Nitrite  (As N)",2.5,mg/L,FALSE,E300 - 300_W,14797-65-0,0.15,0.5,,,,,,,,,,
2200,7/13/2022,Irrigation 2,ARDEC 2200,FALSE,A2-02-IN,"Nitrogen, Nitrite  (As N)",,mg/L,FALSE,E300 - 300_W,14797-65-0,0.15,0.5,,,,,,,,,,
2200,7/13/2022,Irrigation 2,ARDEC 2200,TRUE,A2-02-IN-D,"Nitrogen, Nitrite  (As N)",2.2,mg/L,FALSE,E300 - 300_W,14797-65-0,0.15,0.5,,,,,,,,,,
2200,7/13/2022,Irrigation 2,ARDEC 2200,FALSE,A2-02-OT,"Nitrogen, Nitrite  (As N)",,mg/L,FALSE,E300 - 300_W,14797-65-0,0.15,0.5,,,,,,,,,,
2200,7/13/2022,Irrigation 2,ARDEC 2200,TRUE,A2-02-OT-D,"Nitrogen, Nitrite  (As N)",2.3,mg/L,FALSE,E300 - 300_W,14797-65-0,0.15,0.5,,,,,,,,,,
2200,7/19/2022,Irrigation 3,ARDEC 2200,FALSE,A2-03-IN,"Nitrogen, Nitrite  (As N)",,mg/L,FALSE,E300 - 300_W,14797-65-0,0.15,0.5,,,,,,,,,,
2200,7/19/2022,Irrigation 3,ARDEC 2200,TRUE,A2-03-IN-D,"Nitrogen, Nitrite  (As N)",,mg/L,FALSE,E300 - 300_W,14797-65-0,0.15,0.5,,,,,,,,,,
2200,7/19/2022,Irrigation 3,ARDEC 2200,FALSE,A2-03-OT,"Nitrogen, Nitrite  (As N)",,mg/L,FALSE,E300 - 300_W,14797-65-0,0.15,0.5,,,,,,,,,,
2200,7/19/2022,Irrigation 3,ARDEC 2200,TRUE,A2-03-OT-D,"Nitrogen, Nitrite  (As N)",,mg/L,FALSE,E300 - 300_W,14797-65-0,0.15,0.5,,,,,,,,,,
2200,7/27/2022,Irrigation 4,ARDEC 2200,FALSE,A2-04-IN,"Nitrogen, Nitrite  (As N)",,mg/L,FALSE,E300 - 300_W,14797-65-0,0.15,0.5,,,,,,,,,,
2200,7/27/2022,Irrigation 4,ARDEC 2200,FALSE,A2-04-OT,"Nitrogen, Nitrite  (As N)",,mg/L,FALSE,E300 - 300_W,14797-65-0,0.15,0.5,,,,,,,,,,
2200,7/27/2022,Irrigation 4,ARDEC 2200,TRUE,A2-04-OT-D,"Nitrogen, Nitrite  (As N)",,mg/L,FALSE,E300 - 300_W,14797-65-0,0.15,0.5,,,,,,,,,,
2200,8/20/2022,Irrigation 5,ARDEC 2200,FALSE,A2-05-IN-1,"Nitrogen, Nitrite  (As N)",HU,mg/L,FALSE,E300 - 300_W,14797-65-0,0.15,0.5,,,,,,,,,,
2200,8/20/2022,Irrigation 5,ARDEC 2200,TRUE,A2-05-IN-1-D,"Nitrogen, Nitrite  (As N)",HU,mg/L,FALSE,E300 - 300_W,14797-65-0,0.15,0.5,,,,,,,,,,
2200,8/20/2022,Irrigation 5,ARDEC 2200,FALSE,A2-05-OT-1,"Nitrogen, Nitrite  (As N)",HU,mg/L,FALSE,E300 - 300_W,14797-65-0,0.15,0.5,,,,,,,,,,
2200,8/20/2022,Irrigation 5,ARDEC 2200,TRUE,A2-05-OT-1-D,"Nitrogen, Nitrite  (As N)",HU,mg/L,FALSE,E300 - 300_W,14797-65-0,0.15,0.5,,,,,,,,,,
2200,8/26/2022,Irrigation 6,ARDEC 2200,FALSE,A2-06-GP-1,"Nitrogen, Nitrite  (As N)",HU,mg/L,FALSE,E300 - 300_W,14797-65-0,0.15,0.5,,,,,,,,,,
2200,8/26/2022,Irrigation 6,ARDEC 2200,FALSE,A2-06-IN-1,"Nitrogen, Nitrite  (As N)",HU,mg/L,FALSE,E300 - 300_W,14797-65-0,0.15,0.5,,,,,,,,,,
2200,8/26/2022,Irrigation 6,ARDEC 2200,TRUE,A2-06-IN-1-D,"Nitrogen, Nitrite  (As N)",HU,mg/L,FALSE,E300 - 300_W,14797-65-0,0.15,0.5,,,,,,,,,,
2200,8/26/2022,Irrigation 6,ARDEC 2200,FALSE,A2-06-OT-1,"Nitrogen, Nitrite  (As N)",HU,mg/L,FALSE,E300 - 300_W,14797-65-0,0.15,0.5,,,,,,,,,,
2200,8/26/2022,Irrigation 6,ARDEC 2200,TRUE,A2-06-OT-1-D,"Nitrogen, Nitrite  (As N)",HU,mg/L,FALSE,E300 - 300_W,14797-65-0,0.15,0.5,,,,,,,,,,
ARDEC,7/18/2023 16:00,Irrigation 1,,FALSE,A2-01-IN-ISC,"Nitrogen, Nitrite  (As N)",0,mg/L,FALSE,E300 - 300_W,14797-65-0,0.03,0.1,Inflow,HS23071046-06,1,RL,,ISCO,,,,7/18/2023 13:35
ARDEC,7/18/2023 16:00,Irrigation 1,,FALSE,A2-01-OT-ISC,"Nitrogen, Nitrite  (As N)",0,mg/L,FALSE,E300 - 300_W,14797-65-0,0.03,0.1,Outflow,HS23071046-04,1,RL,,ISCO,,,,7/18/2023 13:35
Lab Blank,7/18/2023 16:00,Irrigation 1,,FALSE,BK-A2-01,"Nitrogen, Nitrite  (As N)",0,mg/L,FALSE,E300 - 300_W,14797-65-0,0.03,0.1,Lab Blank,HS23071046-05,1,RL,,Lab Blank,,,,7/18/2023 13:35
ARDEC,8/16/2023 3:00,Irrigation 2,,FALSE,A2-02-OT-ISC,"Nitrogen, Nitrite  (As N)",0,mg/L,FALSE,E300 - 300_W,14797-65-0,0.03,0.1,Outflow,HS23081137-01,1,RL,,ISCO,,,,8/18/2023 9:50
ARDEC,8/16/2023 3:00,Irrigation 2,,TRUE,A2-02-OT-ISC-D,"Nitrogen, Nitrite  (As N)",0,mg/L,FALSE,E300 - 300_W,14797-65-0,0.03,0.1,Outflow,HS23081137-02,1,RL,,ISCO,,,,8/18/2023 9:50
Lab Blank,8/16/2023 3:00,Irrigation 2,,FALSE,BK-A2-02,"Nitrogen, Nitrite  (As N)",0,mg/L,FALSE,E300 - 300_W,14797-65-0,0.03,0.1,Lab Blank,HS23081137-03,1,RL,,Lab Blank,,,,8/18/2023 9:50
ARDEC,8/22/2023 16:00,Irrigation 3,,FALSE,A2-03-IN-ISC,"Nitrogen, Nitrite  (As N)",0,mg/L,FALSE,E300 - 300_W,14797-65-0,0.06,0.2,Inflow,HS23081394-04,2,RL,,ISCO,,,,8/23/2023 8:00
ARDEC,8/22/2023 16:00,Irrigation 3,,TRUE,A2-03-IN-ISC-D,"Nitrogen, Nitrite  (As N)",0,mg/L,FALSE,E300 - 300_W,14797-65-0,0.06,0.2,Inflow,HS23081394-05,2,RL,,ISCO,,,,8/23/2023 8:00
ARDEC,8/22/2023 16:00,Irrigation 3,,FALSE,A2-03-OT-ISC,"Nitrogen, Nitrite  (As N)",0,mg/L,FALSE,E300 - 300_W,14797-65-0,0.06,0.2,Outflow,HS23081394-01,2,RL,,ISCO,,,,8/23/2023 8:00
ARDEC,8/22/2023 16:00,Irrigation 3,,TRUE,A2-03-OT-ISC-D,"Nitrogen, Nitrite  (As N)",0,mg/L,FALSE,E300 - 300_W,14797-65-0,0.06,0.2,Outflow,HS23081394-02,2,RL,,ISCO,,,,8/23/2023 8:00
Lab Blank,8/22/2023 16:00,Irrigation 3,,FALSE,BK-A2-03,"Nitrogen, Nitrite  (As N)",0,mg/L,FALSE,E300 - 300_W,14797-65-0,0.03,0.1,Lab Blank,HS23081394-03,1,RL,,Lab Blank,,,,8/23/2023 8:00
2200,6/7/2021,Irrigation 1,Outflow,FALSE,A2-01-OT-1,"Nitrogen, Total Kjeldahl",1.2,mg/L,FALSE,M4500 NH3 D - TKN_W 4500NH3 D,7727-37-9TKN,0.1,0.5,,,,,,,,,,
2200,6/7/2021,Irrigation 1,Outflow,TRUE,A2-01-OT-1-D,"Nitrogen, Total Kjeldahl",,mg/L,FALSE,M4500 NH3 D - TKN_W 4500NH3 D,7727-37-9TKN,0.1,0.5,,,,,,,,,,
2200,6/7/2021,Irrigation 1,Outflow,FALSE,A2-01-OT-2,"Nitrogen, Total Kjeldahl",,mg/L,FALSE,M4500 NH3 D - TKN_W 4500NH3 D,7727-37-9TKN,0.1,0.5,,,,,,,,,,
2200,6/7/2021,Irrigation 1,Outflow,TRUE,A2-01-OT-2-D,"Nitrogen, Total Kjeldahl",0.87,mg/L,FALSE,M4500 NH3 D - TKN_W 4500NH3 D,7727-37-9TKN,0.1,0.5,,,,,,,,,,
2200,6/15/2021,Irrigation 2,Outflow,FALSE,A2-02-OT-1,"Nitrogen, Total Kjeldahl",1.2,mg/L,FALSE,M4500 NH3 D - TKN_W 4500NH3 D,7727-37-9TKN,0.1,0.5,,,,,,,,,,
2200,6/15/2021,Irrigation 2,Outflow,TRUE,A2-02-OT-D,"Nitrogen, Total Kjeldahl",0.88,mg/L,FALSE,M4500 NH3 D - TKN_W 4500NH3 D,7727-37-9TKN,0.1,0.5,,,,,,,,,,
2200,6/15/2021,Irrigation 2,Inflow,FALSE,A2-02-IN,"Nitrogen, Total Kjeldahl",1.8,mg/L,FALSE,M4500 NH3 D - TKN_W 4500NH3 D,7727-37-9TKN,0.1,0.5,,,,,,,,,,
2200,6/15/2021,Irrigation 2,Inflow,TRUE,A2-02-IN-D,"Nitrogen, Total Kjeldahl",1.2,mg/L,FALSE,M4500 NH3 D - TKN_W 4500NH3 D,7727-37-9TKN,0.1,0.5,,,,,,,,,,
2200,6/30/2021,Irrigation 3,Outflow,FALSE,A2-03-OT-1,"Nitrogen, Total Kjeldahl",1.2,mg/L,FALSE,M4500 NH3 D - TKN_W 4500NH3 D,7727-37-9TKN,0.1,0.5,,,,,,,,,,
2200,6/30/2021,Irrigation 3,Outflow,TRUE,A2-03-OT-D-1,"Nitrogen, Total Kjeldahl",1.2,mg/L,FALSE,M4500 NH3 D - TKN_W 4500NH3 D,7727-37-9TKN,0.1,0.5,,,,,,,,,,
2200,6/30/2021,Irrigation 3,Outflow,FALSE,A2-03-OT-2,"Nitrogen, Total Kjeldahl",,mg/L,FALSE,M4500 NH3 D - TKN_W 4500NH3 D,7727-37-9TKN,0.1,0.5,,,,,,,,,,
2200,6/30/2021,Irrigation 3,Outflow,TRUE,A2-03-OT-D-2,"Nitrogen, Total Kjeldahl",0.96,mg/L,FALSE,M4500 NH3 D - TKN_W 4500NH3 D,7727-37-9TKN,0.1,0.5,,,,,,,,,,
2200,6/30/2021,Irrigation 3,Inflow,FALSE,A2-03-IN-2,"Nitrogen, Total Kjeldahl",,mg/L,FALSE,M4500 NH3 D - TKN_W 4500NH3 D,7727-37-9TKN,0.1,0.5,,,,,,,,,,
2200,6/30/2021,Irrigation 3,Inflow,TRUE,A2-03-IN-D-2,"Nitrogen, Total Kjeldahl",,mg/L,FALSE,M4500 NH3 D - TKN_W 4500NH3 D,7727-37-9TKN,0.1,0.5,,,,,,,,,,
2200,6/29/2022,Irrigation 1,ARDEC 2200,FALSE,AT-01-IN,"Nitrogen, Total Kjeldahl",1.7,mg/L,FALSE,M4500 NH3 D - TKN_W 4500NH3 D,7727-37-9TKN,0.1,0.5,,,,,,,,,,
2200,6/29/2022,Irrigation 1,ARDEC 2200,TRUE,AT-01-IN-D,"Nitrogen, Total Kjeldahl",2.5,mg/L,FALSE,M4500 NH3 D - TKN_W 4500NH3 D,7727-37-9TKN,0.1,0.5,,,,,,,,,,
2200,6/29/2022,Irrigation 1,ARDEC 2200,FALSE,AT-01-OT,"Nitrogen, Total Kjeldahl",2.2,mg/L,FALSE,M4500 NH3 D - TKN_W 4500NH3 D,7727-37-9TKN,0.1,0.5,,,,,,,,,,
2200,6/29/2022,Irrigation 1,ARDEC 2200,TRUE,AT-01-OT-D,"Nitrogen, Total Kjeldahl",0.87,mg/L,FALSE,M4500 NH3 D - TKN_W 4500NH3 D,7727-37-9TKN,0.1,0.5,,,,,,,,,,
2200,7/13/2022,Irrigation 2,ARDEC 2200,FALSE,A2-02-IN,"Nitrogen, Total Kjeldahl",,mg/L,FALSE,M4500 NH3 D - TKN_W 4500NH3 D,7727-37-9TKN,0.1,0.5,,,,,,,,,,
2200,7/13/2022,Irrigation 2,ARDEC 2200,TRUE,A2-02-IN-D,"Nitrogen, Total Kjeldahl",,mg/L,FALSE,M4500 NH3 D - TKN_W 4500NH3 D,7727-37-9TKN,0.1,0.5,,,,,,,,,,
2200,7/13/2022,Irrigation 2,ARDEC 2200,FALSE,A2-02-OT,"Nitrogen, Total Kjeldahl",0.91,mg/L,FALSE,M4500 NH3 D - TKN_W 4500NH3 D,7727-37-9TKN,0.1,0.5,,,,,,,,,,
2200,7/13/2022,Irrigation 2,ARDEC 2200,TRUE,A2-02-OT-D,"Nitrogen, Total Kjeldahl",,mg/L,FALSE,M4500 NH3 D - TKN_W 4500NH3 D,7727-37-9TKN,0.1,0.5,,,,,,,,,,
2200,7/19/2022,Irrigation 3,ARDEC 2200,FALSE,A2-03-IN,"Nitrogen, Total Kjeldahl",,mg/L,FALSE,M4500 NH3 D - TKN_W 4500NH3 D,7727-37-9TKN,0.1,0.5,,,,,,,,,,
2200,7/19/2022,Irrigation 3,ARDEC 2200,TRUE,A2-03-IN-D,"Nitrogen, Total Kjeldahl",,mg/L,FALSE,M4500 NH3 D - TKN_W 4500NH3 D,7727-37-9TKN,0.1,0.5,,,,,,,,,,
2200,7/19/2022,Irrigation 3,ARDEC 2200,FALSE,A2-03-OT,"Nitrogen, Total Kjeldahl",1.1,mg/L,FALSE,M4500 NH3 D - TKN_W 4500NH3 D,7727-37-9TKN,0.1,0.5,,,,,,,,,,
2200,7/19/2022,Irrigation 3,ARDEC 2200,TRUE,A2-03-OT-D,"Nitrogen, Total Kjeldahl",J,mg/L,FALSE,M4500 NH3 D - TKN_W 4500NH3 D,7727-37-9TKN,0.1,0.5,,,,,,,,,,
2200,7/27/2022,Irrigation 4,ARDEC 2200,FALSE,A2-04-IN,"Nitrogen, Total Kjeldahl",0,mg/L,FALSE,M4500 NH3 D - TKN_W 4500NH3 D,7727-37-9TKN,0.1,0.5,,,,,,,,,,
2200,7/27/2022,Irrigation 4,ARDEC 2200,FALSE,A2-04-OT,"Nitrogen, Total Kjeldahl",1.1,mg/L,FALSE,M4500 NH3 D - TKN_W 4500NH3 D,7727-37-9TKN,0.1,0.5,,,,,,,,,,
2200,7/27/2022,Irrigation 4,ARDEC 2200,TRUE,A2-04-OT-D,"Nitrogen, Total Kjeldahl",1,mg/L,FALSE,M4500 NH3 D - TKN_W 4500NH3 D,7727-37-9TKN,0.1,0.5,,,,,,,,,,
2200,8/20/2022,Irrigation 5,ARDEC 2200,FALSE,A2-05-IN-1,"Nitrogen, Total Kjeldahl",,mg/L,FALSE,M4500 NH3 D - TKN_W 4500NH3 D,7727-37-9TKN,0.1,0.5,,,,,,,,,,
2200,8/20/2022,Irrigation 5,ARDEC 2200,TRUE,A2-05-IN-1-D,"Nitrogen, Total Kjeldahl",,mg/L,FALSE,M4500 NH3 D - TKN_W 4500NH3 D,7727-37-9TKN,0.1,0.5,,,,,,,,,,
2200,8/20/2022,Irrigation 5,ARDEC 2200,FALSE,A2-05-OT-1,"Nitrogen, Total Kjeldahl",,mg/L,FALSE,M4500 NH3 D - TKN_W 4500NH3 D,7727-37-9TKN,0.1,0.5,,,,,,,,,,
2200,8/20/2022,Irrigation 5,ARDEC 2200,TRUE,A2-05-OT-1-D,"Nitrogen, Total Kjeldahl",,mg/L,FALSE,M4500 NH3 D - TKN_W 4500NH3 D,7727-37-9TKN,0.1,0.5,,,,,,,,,,
2200,8/26/2022,Irrigation 6,ARDEC 2200,FALSE,A2-06-GP-1,"Nitrogen, Total Kjeldahl",,mg/L,FALSE,M4500 NH3 D - TKN_W 4500NH3 D,7727-37-9TKN,0.1,0.5,,,,,,,,,,
2200,8/26/2022,Irrigation 6,ARDEC 2200,FALSE,A2-06-IN-1,"Nitrogen, Total Kjeldahl",,mg/L,FALSE,M4500 NH3 D - TKN_W 4500NH3 D,7727-37-9TKN,0.1,0.5,,,,,,,,,,
2200,8/26/2022,Irrigation 6,ARDEC 2200,TRUE,A2-06-IN-1-D,"Nitrogen, Total Kjeldahl",,mg/L,FALSE,M4500 NH3 D - TKN_W 4500NH3 D,7727-37-9TKN,0.1,0.5,,,,,,,,,,
2200,8/26/2022,Irrigation 6,ARDEC 2200,FALSE,A2-06-OT-1,"Nitrogen, Total Kjeldahl",,mg/L,FALSE,M4500 NH3 D - TKN_W 4500NH3 D,7727-37-9TKN,0.1,0.5,,,,,,,,,,
2200,8/26/2022,Irrigation 6,ARDEC 2200,TRUE,A2-06-OT-1-D,"Nitrogen, Total Kjeldahl",,mg/L,FALSE,M4500 NH3 D - TKN_W 4500NH3 D,7727-37-9TKN,0.1,0.5,,,,,,,,,,
ARDEC,7/18/2023 16:00,Irrigation 1,,FALSE,A2-01-IN-ISC,"Nitrogen, Total Kjeldahl",8.7,mg/L,FALSE,M4500 NH3 D - TKN_W 4500NH3 D,7727-37-9TKN,0.1,0.5,Inflow,HS23071046-06,1,RL,,ISCO,,,,7/18/2023 13:35
ARDEC,7/18/2023 16:00,Irrigation 1,,FALSE,A2-01-OT-ISC,"Nitrogen, Total Kjeldahl",16,mg/L,FALSE,M4500 NH3 D - TKN_W 4500NH3 D,7727-37-9TKN,0.1,0.5,Outflow,HS23071046-04,1,RL,,ISCO,,,,7/18/2023 13:35
Lab Blank,7/18/2023 16:00,Irrigation 1,,FALSE,BK-A2-01,"Nitrogen, Total Kjeldahl",3.9,mg/L,FALSE,M4500 NH3 D - TKN_W 4500NH3 D,7727-37-9TKN,0.1,0.5,Lab Blank,HS23071046-05,1,RL,,Lab Blank,,,,7/18/2023 13:35
ARDEC,8/23/2023,Irrigation 2,,FALSE,A2-02-OT-ISC-4,pH,8.17,pH,FALSE,EPA150.1,,0.1,0.1,Outflow,,1,RL,,ISCO,,,,
ARDEC,8/15/2023,Irrigation 2,,TRUE,A2-02-OT-ISC-4-D,pH,8.18,pH,FALSE,EPA150.1,,0.1,0.1,Outflow,,1,RL,,ISCO,,,,
ARDEC,8/23/2023,Irrigation 3,,FALSE,A2-03-IN-ISC-4,pH,8.15,pH,FALSE,EPA150.1,,0.1,0.1,Inflow,,1,RL,,ISCO,,,,
ARDEC,8/23/2023,Irrigation 3,,TRUE,A2-03-IN-ISC-4-D,pH,8.09,pH,FALSE,EPA150.1,,0.1,0.1,Inflow,,1,RL,,ISCO,,,,
ARDEC,8/23/2023,Irrigation 3,,FALSE,A2-03-OT-ISC-4,pH,8.16,pH,FALSE,EPA150.1,,0.1,0.1,Outflow,,1,RL,,ISCO,,,,
ARDEC,8/23/2023,Irrigation 3,,TRUE,A2-03-OT-ISC-4-D,pH,8.12,pH,FALSE,EPA150.1,,0.1,0.1,Outflow,,1,RL,,ISCO,,,,
ARDEC,8/1/2023,Storm 1,,FALSE,A2-S1-OT-ISC-4,pH,7.32,pH,FALSE,EPA150.1,,0.1,0.1,Outflow,,1,RL,,ISCO,,,,
ARDEC,8/1/2023,Storm 1,,TRUE,A2-S1-OT-ISC-4-D,pH,7.3,pH,FALSE,EPA150.1,,0.1,0.1,Outflow,,1,RL,,ISCO,,,,
2200,6/7/2021,Irrigation 1,Outflow,FALSE,A2-01-OT-1,"Phosphorus, Total (As P)",0.29,mg/L,FALSE,SM4500P E - P_TW M4500P E,7723-14-0,0.02,0.05,,,,,,,,,,
2200,6/7/2021,Irrigation 1,Outflow,TRUE,A2-01-OT-1-D,"Phosphorus, Total (As P)",0.33,mg/L,FALSE,SM4500P E - P_TW M4500P E,7723-14-0,0.02,0.05,,,,,,,,,,
2200,6/7/2021,Irrigation 1,Outflow,FALSE,A2-01-OT-2,"Phosphorus, Total (As P)",0.28,mg/L,FALSE,SM4500P E - P_TW M4500P E,7723-14-0,0.02,0.05,,,,,,,,,,
2200,6/7/2021,Irrigation 1,Outflow,TRUE,A2-01-OT-2-D,"Phosphorus, Total (As P)",0.28,mg/L,FALSE,SM4500P E - P_TW M4500P E,7723-14-0,0.02,0.05,,,,,,,,,,
2200,6/15/2021,Irrigation 2,Outflow,FALSE,A2-02-OT-1,"Phosphorus, Total (As P)",0.25,mg/L,FALSE,SM4500P E - P_TW M4500P E,7723-14-0,0.02,0.05,,,,,,,,,,
2200,6/15/2021,Irrigation 2,Outflow,TRUE,A2-02-OT-D,"Phosphorus, Total (As P)",0.19,mg/L,FALSE,SM4500P E - P_TW M4500P E,7723-14-0,0.02,0.05,,,,,,,,,,
2200,6/15/2021,Irrigation 2,Inflow,FALSE,A2-02-IN,"Phosphorus, Total (As P)",0.28,mg/L,FALSE,SM4500P E - P_TW M4500P E,7723-14-0,0.02,0.05,,,,,,,,,,
2200,6/15/2021,Irrigation 2,Inflow,TRUE,A2-02-IN-D,"Phosphorus, Total (As P)",0.3,mg/L,FALSE,SM4500P E - P_TW M4500P E,7723-14-0,0.02,0.05,,,,,,,,,,
2200,6/30/2021,Irrigation 3,Outflow,FALSE,A2-03-OT-1,"Phosphorus, Total (As P)",0.21,mg/L,FALSE,SM4500P E - P_TW M4500P E,7723-14-0,0.02,0.05,,,,,,,,,,
2200,6/30/2021,Irrigation 3,Outflow,TRUE,A2-03-OT-D-1,"Phosphorus, Total (As P)",0.17,mg/L,FALSE,SM4500P E - P_TW M4500P E,7723-14-0,0.02,0.05,,,,,,,,,,
2200,6/30/2021,Irrigation 3,Outflow,FALSE,A2-03-OT-2,"Phosphorus, Total (As P)",0.12,mg/L,FALSE,SM4500P E - P_TW M4500P E,7723-14-0,0.02,0.05,,,,,,,,,,
2200,6/30/2021,Irrigation 3,Outflow,TRUE,A2-03-OT-D-2,"Phosphorus, Total (As P)",0.14,mg/L,FALSE,SM4500P E - P_TW M4500P E,7723-14-0,0.02,0.05,,,,,,,,,,
2200,6/30/2021,Irrigation 3,Inflow,FALSE,A2-03-IN-2,"Phosphorus, Total (As P)",0.16,mg/L,FALSE,SM4500P E - P_TW M4500P E,7723-14-0,0.02,0.05,,,,,,,,,,
2200,6/30/2021,Irrigation 3,Inflow,TRUE,A2-03-IN-D-2,"Phosphorus, Total (As P)",0.14,mg/L,FALSE,SM4500P E - P_TW M4500P E,7723-14-0,0.02,0.05,,,,,,,,,,
2200,6/29/2022,Irrigation 1,ARDEC 2200,FALSE,AT-01-IN,"Phosphorus, Total (As P)",0.22,mg/L,FALSE,SM4500P E - P_TW M4500P E,7723-14-0,0.02,0.05,,,,,,,,,,
2200,6/29/2022,Irrigation 1,ARDEC 2200,TRUE,AT-01-IN-D,"Phosphorus, Total (As P)",0.22,mg/L,FALSE,SM4500P E - P_TW M4500P E,7723-14-0,0.02,0.05,,,,,,,,,,
2200,6/29/2022,Irrigation 1,ARDEC 2200,FALSE,AT-01-OT,"Phosphorus, Total (As P)",0.63,mg/L,FALSE,SM4500P E - P_TW M4500P E,7723-14-0,0.02,0.05,,,,,,,,,,
2200,6/29/2022,Irrigation 1,ARDEC 2200,TRUE,AT-01-OT-D,"Phosphorus, Total (As P)",0.32,mg/L,FALSE,SM4500P E - P_TW M4500P E,7723-14-0,0.02,0.05,,,,,,,,,,
2200,7/13/2022,Irrigation 2,ARDEC 2200,FALSE,A2-02-IN,"Phosphorus, Total (As P)",0.32,mg/L,FALSE,SM4500P E - P_TW M4500P E,7723-14-0,0.02,0.05,,,,,,,,,,
2200,7/13/2022,Irrigation 2,ARDEC 2200,TRUE,A2-02-IN-D,"Phosphorus, Total (As P)",0.8,mg/L,FALSE,SM4500P E - P_TW M4500P E,7723-14-0,0.02,0.05,,,,,,,,,,
2200,7/13/2022,Irrigation 2,ARDEC 2200,FALSE,A2-02-OT,"Phosphorus, Total (As P)",0.3,mg/L,FALSE,SM4500P E - P_TW M4500P E,7723-14-0,0.02,0.05,,,,,,,,,,
2200,7/13/2022,Irrigation 2,ARDEC 2200,TRUE,A2-02-OT-D,"Phosphorus, Total (As P)",0.31,mg/L,FALSE,SM4500P E - P_TW M4500P E,7723-14-0,0.02,0.05,,,,,,,,,,
2200,7/19/2022,Irrigation 3,ARDEC 2200,FALSE,A2-03-IN,"Phosphorus, Total (As P)",8.37,mg/L,FALSE,SM4500P E - P_TW M4500P E,7723-14-0,0.02,0.05,,,,,,,,,,
2200,7/19/2022,Irrigation 3,ARDEC 2200,TRUE,A2-03-IN-D,"Phosphorus, Total (As P)",8.38,mg/L,FALSE,SM4500P E - P_TW M4500P E,7723-14-0,0.02,0.05,,,,,,,,,,
2200,7/19/2022,Irrigation 3,ARDEC 2200,FALSE,A2-03-OT,"Phosphorus, Total (As P)",8.35,mg/L,FALSE,SM4500P E - P_TW M4500P E,7723-14-0,0.02,0.05,,,,,,,,,,
2200,7/19/2022,Irrigation 3,ARDEC 2200,TRUE,A2-03-OT-D,"Phosphorus, Total (As P)",8.36,mg/L,FALSE,SM4500P E - P_TW M4500P E,7723-14-0,0.02,0.05,,,,,,,,,,
2200,7/27/2022,Irrigation 4,ARDEC 2200,FALSE,A2-04-IN,"Phosphorus, Total (As P)",0.2,mg/L,FALSE,SM4500P E - P_TW M4500P E,7723-14-0,0.02,0.05,,,,,,,,,,
2200,7/27/2022,Irrigation 4,ARDEC 2200,FALSE,A2-04-OT,"Phosphorus, Total (As P)",0.15,mg/L,FALSE,SM4500P E - P_TW M4500P E,7723-14-0,0.02,0.05,,,,,,,,,,
2200,7/27/2022,Irrigation 4,ARDEC 2200,TRUE,A2-04-OT-D,"Phosphorus, Total (As P)",0.16,mg/L,FALSE,SM4500P E - P_TW M4500P E,7723-14-0,0.02,0.05,,,,,,,,,,
2200,8/20/2022,Irrigation 5,ARDEC 2200,FALSE,A2-05-IN-1,"Phosphorus, Total (As P)",0.083,mg/L,FALSE,SM4500P E - P_TW M4500P E,7723-14-0,0.02,0.05,,,,,,,,,,
2200,8/20/2022,Irrigation 5,ARDEC 2200,TRUE,A2-05-IN-1-D,"Phosphorus, Total (As P)",0.13,mg/L,FALSE,SM4500P E - P_TW M4500P E,7723-14-0,0.02,0.05,,,,,,,,,,
2200,8/20/2022,Irrigation 5,ARDEC 2200,FALSE,A2-05-OT-1,"Phosphorus, Total (As P)",0.1,mg/L,FALSE,SM4500P E - P_TW M4500P E,7723-14-0,0.02,0.05,,,,,,,,,,
2200,8/20/2022,Irrigation 5,ARDEC 2200,TRUE,A2-05-OT-1-D,"Phosphorus, Total (As P)",0.099,mg/L,FALSE,SM4500P E - P_TW M4500P E,7723-14-0,0.02,0.05,,,,,,,,,,
2200,8/26/2022,Irrigation 6,ARDEC 2200,FALSE,A2-06-GP-1,"Phosphorus, Total (As P)",,mg/L,FALSE,SM4500P E - P_TW M4500P E,7723-14-0,0.02,0.05,,,,,,,,,,
2200,8/26/2022,Irrigation 6,ARDEC 2200,FALSE,A2-06-IN-1,"Phosphorus, Total (As P)",0.25,mg/L,FALSE,SM4500P E - P_TW M4500P E,7723-14-0,0.02,0.05,,,,,,,,,,
2200,8/26/2022,Irrigation 6,ARDEC 2200,TRUE,A2-06-IN-1-D,"Phosphorus, Total (As P)",0.36,mg/L,FALSE,SM4500P E - P_TW M4500P E,7723-14-0,0.02,0.05,,,,,,,,,,
2200,8/26/2022,Irrigation 6,ARDEC 2200,FALSE,A2-06-OT-1,"Phosphorus, Total (As P)",0.15,mg/L,FALSE,SM4500P E - P_TW M4500P E,7723-14-0,0.02,0.05,,,,,,,,,,
2200,8/26/2022,Irrigation 6,ARDEC 2200,TRUE,A2-06-OT-1-D,"Phosphorus, Total (As P)",0.14,mg/L,FALSE,SM4500P E - P_TW M4500P E,7723-14-0,0.02,0.05,,,,,,,,,,
ARDEC,7/18/2023 16:00,Irrigation 1,,FALSE,A2-01-IN-ISC,"Phosphorus, Total (As P)",0.321,mg/L,FALSE,SM4500P E - P_TW M4500P E,7723-14-0,0.02,0.05,Inflow,HS23071046-06,1,RL,,ISCO,,,,7/18/2023 13:35
ARDEC,7/18/2023 16:00,Irrigation 1,,FALSE,A2-01-OT-ISC,"Phosphorus, Total (As P)",0.556,mg/L,FALSE,SM4500P E - P_TW M4500P E,7723-14-0,0.02,0.05,Outflow,HS23071046-04,1,RL,,ISCO,,,,7/18/2023 13:35
Lab Blank,7/18/2023 16:00,Irrigation 1,,FALSE,BK-A2-01,"Phosphorus, Total (As P)",0,mg/L,FALSE,SM4500P E - P_TW M4500P E,7723-14-0,0.02,0.05,Lab Blank,HS23071046-05,1,RL,,Lab Blank,,,,7/18/2023 13:35
ARDEC,8/16/2023 3:00,Irrigation 2,,FALSE,A2-02-OT-ISC,"Phosphorus, Total (As P)",0.181,mg/L,FALSE,SM4500P E - P_TW M4500P E,7723-14-0,0.02,0.05,Outflow,HS23081137-01,1,RL,,ISCO,,,,8/18/2023 9:50
ARDEC,8/16/2023 3:00,Irrigation 2,,TRUE,A2-02-OT-ISC-D,"Phosphorus, Total (As P)",0.133,mg/L,FALSE,SM4500P E - P_TW M4500P E,7723-14-0,0.02,0.05,Outflow,HS23081137-02,1,RL,,ISCO,,,,8/18/2023 9:50
Lab Blank,8/16/2023 3:00,Irrigation 2,,FALSE,BK-A2-02,"Phosphorus, Total (As P)",0,mg/L,FALSE,SM4500P E - P_TW M4500P E,7723-14-0,0.02,0.05,Lab Blank,HS23081137-03,1,RL,,Lab Blank,,,,8/18/2023 9:50
ARDEC,8/22/2023 16:00,Irrigation 3,,FALSE,A2-03-IN-ISC,"Phosphorus, Total (As P)",0.713,mg/L,FALSE,SM4500P E - P_TW M4500P E,7723-14-0,0.02,0.05,Inflow,HS23081394-04,1,RL,,ISCO,,,,8/23/2023 8:00
ARDEC,8/22/2023 16:00,Irrigation 3,,TRUE,A2-03-IN-ISC-D,"Phosphorus, Total (As P)",0.594,mg/L,FALSE,SM4500P E - P_TW M4500P E,7723-14-0,0.02,0.05,Inflow,HS23081394-05,1,RL,,ISCO,,,,8/23/2023 8:00
ARDEC,8/22/2023 16:00,Irrigation 3,,FALSE,A2-03-OT-ISC,"Phosphorus, Total (As P)",0.1,mg/L,FALSE,SM4500P E - P_TW M4500P E,7723-14-0,0.02,0.05,Outflow,HS23081394-01,1,RL,,ISCO,,,,8/23/2023 8:00
ARDEC,8/22/2023 16:00,Irrigation 3,,TRUE,A2-03-OT-ISC-D,"Phosphorus, Total (As P)",0.137,mg/L,FALSE,SM4500P E - P_TW M4500P E,7723-14-0,0.02,0.05,Outflow,HS23081394-02,1,RL,,ISCO,,,,8/23/2023 8:00
Lab Blank,8/22/2023 16:00,Irrigation 3,,FALSE,BK-A2-03,"Phosphorus, Total (As P)",0,mg/L,FALSE,SM4500P E - P_TW M4500P E,7723-14-0,0.02,0.05,Lab Blank,HS23081394-03,1,RL,,Lab Blank,,,,8/23/2023 8:00
2200,6/7/2021,Irrigation 1,Outflow,FALSE,A2-01-OT-1,"Phosphorus, Total Orthophosphate (as P)",,mg/L,FALSE,SM4500P E - P-Ortho M4500P E,7723-14-0,0.01,0.05,,,,,,,,,,
2200,6/7/2021,Irrigation 1,Outflow,TRUE,A2-01-OT-1-D,"Phosphorus, Total Orthophosphate (as P)",,mg/L,FALSE,SM4500P E - P-Ortho M4500P E,7723-14-0,0.01,0.05,,,,,,,,,,
2200,6/7/2021,Irrigation 1,Outflow,FALSE,A2-01-OT-2,"Phosphorus, Total Orthophosphate (as P)",,mg/L,FALSE,SM4500P E - P-Ortho M4500P E,7723-14-0,0.01,0.05,,,,,,,,,,
2200,6/7/2021,Irrigation 1,Outflow,TRUE,A2-01-OT-2-D,"Phosphorus, Total Orthophosphate (as P)",,mg/L,FALSE,SM4500P E - P-Ortho M4500P E,7723-14-0,0.01,0.05,,,,,,,,,,
2200,6/15/2021,Irrigation 2,Outflow,FALSE,A2-02-OT-1,"Phosphorus, Total Orthophosphate (as P)",,mg/L,FALSE,SM4500P E - P-Ortho M4500P E,7723-14-0,0.01,0.05,,,,,,,,,,
2200,6/15/2021,Irrigation 2,Outflow,TRUE,A2-02-OT-D,"Phosphorus, Total Orthophosphate (as P)",,mg/L,FALSE,SM4500P E - P-Ortho M4500P E,7723-14-0,0.01,0.05,,,,,,,,,,
2200,6/15/2021,Irrigation 2,Inflow,FALSE,A2-02-IN,"Phosphorus, Total Orthophosphate (as P)",,mg/L,FALSE,SM4500P E - P-Ortho M4500P E,7723-14-0,0.01,0.05,,,,,,,,,,
2200,6/15/2021,Irrigation 2,Inflow,TRUE,A2-02-IN-D,"Phosphorus, Total Orthophosphate (as P)",,mg/L,FALSE,SM4500P E - P-Ortho M4500P E,7723-14-0,0.01,0.05,,,,,,,,,,
2200,6/30/2021,Irrigation 3,Outflow,FALSE,A2-03-OT-1,"Phosphorus, Total Orthophosphate (as P)",,mg/L,FALSE,SM4500P E - P-Ortho M4500P E,7723-14-0,0.01,0.05,,,,,,,,,,
2200,6/30/2021,Irrigation 3,Outflow,TRUE,A2-03-OT-D-1,"Phosphorus, Total Orthophosphate (as P)",,mg/L,FALSE,SM4500P E - P-Ortho M4500P E,7723-14-0,0.01,0.05,,,,,,,,,,
2200,6/30/2021,Irrigation 3,Outflow,FALSE,A2-03-OT-2,"Phosphorus, Total Orthophosphate (as P)",,mg/L,FALSE,SM4500P E - P-Ortho M4500P E,7723-14-0,0.01,0.05,,,,,,,,,,
2200,6/30/2021,Irrigation 3,Outflow,TRUE,A2-03-OT-D-2,"Phosphorus, Total Orthophosphate (as P)",,mg/L,FALSE,SM4500P E - P-Ortho M4500P E,7723-14-0,0.01,0.05,,,,,,,,,,
2200,6/30/2021,Irrigation 3,Inflow,FALSE,A2-03-IN-2,"Phosphorus, Total Orthophosphate (as P)",,mg/L,FALSE,SM4500P E - P-Ortho M4500P E,7723-14-0,0.01,0.05,,,,,,,,,,
2200,6/30/2021,Irrigation 3,Inflow,TRUE,A2-03-IN-D-2,"Phosphorus, Total Orthophosphate (as P)",,mg/L,FALSE,SM4500P E - P-Ortho M4500P E,7723-14-0,0.01,0.05,,,,,,,,,,
2200,6/29/2022,Irrigation 1,ARDEC 2200,FALSE,AT-01-IN,"Phosphorus, Total Orthophosphate (as P)",,mg/L,FALSE,SM4500P E - P-Ortho M4500P E,7723-14-0,0.01,0.05,,,,,,,,,,
2200,6/29/2022,Irrigation 1,ARDEC 2200,TRUE,AT-01-IN-D,"Phosphorus, Total Orthophosphate (as P)",,mg/L,FALSE,SM4500P E - P-Ortho M4500P E,7723-14-0,0.01,0.05,,,,,,,,,,
2200,6/29/2022,Irrigation 1,ARDEC 2200,FALSE,AT-01-OT,"Phosphorus, Total Orthophosphate (as P)",,mg/L,FALSE,SM4500P E - P-Ortho M4500P E,7723-14-0,0.01,0.05,,,,,,,,,,
2200,6/29/2022,Irrigation 1,ARDEC 2200,TRUE,AT-01-OT-D,"Phosphorus, Total Orthophosphate (as P)",,mg/L,FALSE,SM4500P E - P-Ortho M4500P E,7723-14-0,0.01,0.05,,,,,,,,,,
2200,7/13/2022,Irrigation 2,ARDEC 2200,FALSE,A2-02-IN,"Phosphorus, Total Orthophosphate (as P)",,mg/L,FALSE,SM4500P E - P-Ortho M4500P E,7723-14-0,0.01,0.05,,,,,,,,,,
2200,7/13/2022,Irrigation 2,ARDEC 2200,TRUE,A2-02-IN-D,"Phosphorus, Total Orthophosphate (as P)",,mg/L,FALSE,SM4500P E - P-Ortho M4500P E,7723-14-0,0.01,0.05,,,,,,,,,,
2200,7/13/2022,Irrigation 2,ARDEC 2200,FALSE,A2-02-OT,"Phosphorus, Total Orthophosphate (as P)",,mg/L,FALSE,SM4500P E - P-Ortho M4500P E,7723-14-0,0.01,0.05,,,,,,,,,,
2200,7/13/2022,Irrigation 2,ARDEC 2200,TRUE,A2-02-OT-D,"Phosphorus, Total Orthophosphate (as P)",,mg/L,FALSE,SM4500P E - P-Ortho M4500P E,7723-14-0,0.01,0.05,,,,,,,,,,
2200,7/19/2022,Irrigation 3,ARDEC 2200,FALSE,A2-03-IN,"Phosphorus, Total Orthophosphate (as P)",,mg/L,FALSE,SM4500P E - P-Ortho M4500P E,7723-14-0,0.01,0.05,,,,,,,,,,
2200,7/19/2022,Irrigation 3,ARDEC 2200,TRUE,A2-03-IN-D,"Phosphorus, Total Orthophosphate (as P)",,mg/L,FALSE,SM4500P E - P-Ortho M4500P E,7723-14-0,0.01,0.05,,,,,,,,,,
2200,7/19/2022,Irrigation 3,ARDEC 2200,FALSE,A2-03-OT,"Phosphorus, Total Orthophosphate (as P)",,mg/L,FALSE,SM4500P E - P-Ortho M4500P E,7723-14-0,0.01,0.05,,,,,,,,,,
2200,7/19/2022,Irrigation 3,ARDEC 2200,TRUE,A2-03-OT-D,"Phosphorus, Total Orthophosphate (as P)",,mg/L,FALSE,SM4500P E - P-Ortho M4500P E,7723-14-0,0.01,0.05,,,,,,,,,,
2200,7/27/2022,Irrigation 4,ARDEC 2200,FALSE,A2-04-IN,"Phosphorus, Total Orthophosphate (as P)",,mg/L,FALSE,SM4500P E - P-Ortho M4500P E,7723-14-0,0.01,0.05,,,,,,,,,,
2200,7/27/2022,Irrigation 4,ARDEC 2200,FALSE,A2-04-OT,"Phosphorus, Total Orthophosphate (as P)",,mg/L,FALSE,SM4500P E - P-Ortho M4500P E,7723-14-0,0.01,0.05,,,,,,,,,,
2200,7/27/2022,Irrigation 4,ARDEC 2200,TRUE,A2-04-OT-D,"Phosphorus, Total Orthophosphate (as P)",,mg/L,FALSE,SM4500P E - P-Ortho M4500P E,7723-14-0,0.01,0.05,,,,,,,,,,
2200,8/20/2022,Irrigation 5,ARDEC 2200,FALSE,A2-05-IN-1,"Phosphorus, Total Orthophosphate (as P)",0.12,mg/L,FALSE,SM4500P E - P-Ortho M4500P E,7723-14-0,0.01,0.05,,,,,,,,,,
2200,8/20/2022,Irrigation 5,ARDEC 2200,TRUE,A2-05-IN-1-D,"Phosphorus, Total Orthophosphate (as P)",0.14,mg/L,FALSE,SM4500P E - P-Ortho M4500P E,7723-14-0,0.01,0.05,,,,,,,,,,
2200,8/20/2022,Irrigation 5,ARDEC 2200,FALSE,A2-05-OT-1,"Phosphorus, Total Orthophosphate (as P)",0.25,mg/L,FALSE,SM4500P E - P-Ortho M4500P E,7723-14-0,0.01,0.05,,,,,,,,,,
2200,8/20/2022,Irrigation 5,ARDEC 2200,TRUE,A2-05-OT-1-D,"Phosphorus, Total Orthophosphate (as P)",0.24,mg/L,FALSE,SM4500P E - P-Ortho M4500P E,7723-14-0,0.01,0.05,,,,,,,,,,
2200,8/26/2022,Irrigation 6,ARDEC 2200,FALSE,A2-06-GP-1,"Phosphorus, Total Orthophosphate (as P)",0.096,mg/L,FALSE,SM4500P E - P-Ortho M4500P E,7723-14-0,0.01,0.05,,,,,,,,,,
2200,8/26/2022,Irrigation 6,ARDEC 2200,FALSE,A2-06-IN-1,"Phosphorus, Total Orthophosphate (as P)",0.19,mg/L,FALSE,SM4500P E - P-Ortho M4500P E,7723-14-0,0.01,0.05,,,,,,,,,,
2200,8/26/2022,Irrigation 6,ARDEC 2200,TRUE,A2-06-IN-1-D,"Phosphorus, Total Orthophosphate (as P)",0.18,mg/L,FALSE,SM4500P E - P-Ortho M4500P E,7723-14-0,0.01,0.05,,,,,,,,,,
2200,8/26/2022,Irrigation 6,ARDEC 2200,FALSE,A2-06-OT-1,"Phosphorus, Total Orthophosphate (as P)",0.24,mg/L,FALSE,SM4500P E - P-Ortho M4500P E,7723-14-0,0.01,0.05,,,,,,,,,,
2200,8/26/2022,Irrigation 6,ARDEC 2200,TRUE,A2-06-OT-1-D,"Phosphorus, Total Orthophosphate (as P)",0.28,mg/L,FALSE,SM4500P E - P-Ortho M4500P E,7723-14-0,0.01,0.05,,,,,,,,,,
ARDEC,7/18/2023 16:00,Irrigation 1,,FALSE,A2-01-IN-ISC,"Phosphorus, Total Orthophosphate (as P)",0,mg/L,FALSE,SM4500P E - P-Ortho M4500P E,7723-14-0,0.01,0.05,Inflow,HS23071046-06,1,RL,,ISCO,,,,7/18/2023 13:35
ARDEC,7/18/2023 16:00,Irrigation 1,,FALSE,A2-01-OT-ISC,"Phosphorus, Total Orthophosphate (as P)",0.334,mg/L,FALSE,SM4500P E - P-Ortho M4500P E,7723-14-0,0.01,0.05,Outflow,HS23071046-04,1,RL,,ISCO,,,,7/18/2023 13:35
Lab Blank,7/18/2023 16:00,Irrigation 1,,FALSE,BK-A2-01,"Phosphorus, Total Orthophosphate (as P)",0,mg/L,FALSE,SM4500P E - P-Ortho M4500P E,7723-14-0,0.01,0.05,Lab Blank,HS23071046-05,1,RL,,Lab Blank,,,,7/18/2023 13:35
ARDEC,8/16/2023 3:00,Irrigation 2,,FALSE,A2-02-OT-ISC,"Phosphorus, Total Orthophosphate (as P)",0.123,mg/L,FALSE,SM4500P E - P-Ortho M4500P E,7723-14-0,0.01,0.05,Outflow,HS23081137-01,1,RL,H,ISCO,,,,8/18/2023 9:50
ARDEC,8/16/2023 3:00,Irrigation 2,,TRUE,A2-02-OT-ISC-D,"Phosphorus, Total Orthophosphate (as P)",0.106,mg/L,FALSE,SM4500P E - P-Ortho M4500P E,7723-14-0,0.01,0.05,Outflow,HS23081137-02,1,RL,H,ISCO,,,,8/18/2023 9:50
Lab Blank,8/16/2023 3:00,Irrigation 2,,FALSE,BK-A2-02,"Phosphorus, Total Orthophosphate (as P)",0,mg/L,FALSE,SM4500P E - P-Ortho M4500P E,7723-14-0,0.01,0.05,Lab Blank,HS23081137-03,1,RL,,Lab Blank,,,,8/18/2023 9:50
ARDEC,8/22/2023 16:00,Irrigation 3,,FALSE,A2-03-IN-ISC,"Phosphorus, Total Orthophosphate (as P)",0.051,mg/L,FALSE,SM4500P E - P-Ortho M4500P E,7723-14-0,0.01,0.05,Inflow,HS23081394-04,1,RL,,ISCO,,,,8/23/2023 8:00
ARDEC,8/22/2023 16:00,Irrigation 3,,TRUE,A2-03-IN-ISC-D,"Phosphorus, Total Orthophosphate (as P)",0.05,mg/L,FALSE,SM4500P E - P-Ortho M4500P E,7723-14-0,0.01,0.05,Inflow,HS23081394-05,1,RL,,ISCO,,,,8/23/2023 8:00
ARDEC,8/22/2023 16:00,Irrigation 3,,FALSE,A2-03-OT-ISC,"Phosphorus, Total Orthophosphate (as P)",0.075,mg/L,FALSE,SM4500P E - P-Ortho M4500P E,7723-14-0,0.01,0.05,Outflow,HS23081394-01,1,RL,,ISCO,,,,8/23/2023 8:00
ARDEC,8/22/2023 16:00,Irrigation 3,,TRUE,A2-03-OT-ISC-D,"Phosphorus, Total Orthophosphate (as P)",0.072,mg/L,FALSE,SM4500P E - P-Ortho M4500P E,7723-14-0,0.01,0.05,Outflow,HS23081394-02,1,RL,,ISCO,,,,8/23/2023 8:00
Lab Blank,8/22/2023 16:00,Irrigation 3,,FALSE,BK-A2-03,"Phosphorus, Total Orthophosphate (as P)",0,mg/L,FALSE,SM4500P E - P-Ortho M4500P E,7723-14-0,0.01,0.05,Lab Blank,HS23081394-03,1,RL,,Lab Blank,,,,8/23/2023 8:00
2200,6/7/2021,Irrigation 1,Outflow,FALSE,A2-01-OT-1,"Selenium, Total",0.011,mg/L,FALSE,200.8,SE,0.2,0.2,,,,,,,,,,
2200,6/7/2021,Irrigation 1,Outflow,TRUE,A2-01-OT-1-D,"Selenium, Total",0.01,mg/L,FALSE,200.8,SE,0.2,0.2,,,,,,,,,,
2200,6/7/2021,Irrigation 1,Outflow,FALSE,A2-01-OT-2,"Selenium, Total",0.0096,mg/L,FALSE,200.8,SE,0.2,0.2,,,,,,,,,,
2200,6/7/2021,Irrigation 1,Outflow,TRUE,A2-01-OT-2-D,"Selenium, Total",0.0096,mg/L,FALSE,200.8,SE,0.2,0.2,,,,,,,,,,
2200,6/15/2021,Irrigation 2,Outflow,FALSE,A2-02-OT-1,"Selenium, Total",0.0091,mg/L,FALSE,200.8,SE,0.2,0.2,,,,,,,,,,
2200,6/15/2021,Irrigation 2,Outflow,TRUE,A2-02-OT-D,"Selenium, Total",0.008,mg/L,FALSE,200.8,SE,0.2,0.2,,,,,,,,,,
2200,6/15/2021,Irrigation 2,Inflow,FALSE,A2-02-IN,"Selenium, Total",0.0078,mg/L,FALSE,200.8,SE,0.2,0.2,,,,,,,,,,
2200,6/15/2021,Irrigation 2,Inflow,TRUE,A2-02-IN-D,"Selenium, Total",0.0088,mg/L,FALSE,200.8,SE,0.2,0.2,,,,,,,,,,
2200,6/30/2021,Irrigation 3,Outflow,FALSE,A2-03-OT-1,"Selenium, Total",0.009,mg/L,FALSE,200.8,SE,0.2,0.2,,,,,,,,,,
2200,6/30/2021,Irrigation 3,Outflow,TRUE,A2-03-OT-D-1,"Selenium, Total",0.0092,mg/L,FALSE,200.8,SE,0.2,0.2,,,,,,,,,,
2200,6/30/2021,Irrigation 3,Outflow,FALSE,A2-03-OT-2,"Selenium, Total",0.0081,mg/L,FALSE,200.8,SE,0.2,0.2,,,,,,,,,,
2200,6/30/2021,Irrigation 3,Outflow,TRUE,A2-03-OT-D-2,"Selenium, Total",0.0084,mg/L,FALSE,200.8,SE,0.2,0.2,,,,,,,,,,
2200,6/30/2021,Irrigation 3,Inflow,FALSE,A2-03-IN-2,"Selenium, Total",0.01,mg/L,FALSE,200.8,SE,0.2,0.2,,,,,,,,,,
2200,6/30/2021,Irrigation 3,Inflow,TRUE,A2-03-IN-D-2,"Selenium, Total",0.0092,mg/L,FALSE,200.8,SE,0.2,0.2,,,,,,,,,,
2200,6/29/2022,Irrigation 1,ARDEC 2200,FALSE,AT-01-IN,"Selenium, Total",0.01,mg/L,FALSE,200.8,SE,0.0002,0.0002,,,,,,,,,,
2200,6/29/2022,Irrigation 1,ARDEC 2200,TRUE,AT-01-IN-D,"Selenium, Total",0.011,mg/L,FALSE,200.8,SE,0.0002,0.0002,,,,,,,,,,
2200,6/29/2022,Irrigation 1,ARDEC 2200,FALSE,AT-01-OT,"Selenium, Total",0.0098,mg/L,FALSE,200.8,SE,0.0002,0.0002,,,,,,,,,,
2200,6/29/2022,Irrigation 1,ARDEC 2200,TRUE,AT-01-OT-D,"Selenium, Total",0.0089,mg/L,FALSE,200.8,SE,0.0002,0.0002,,,,,,,,,,
2200,7/13/2022,Irrigation 2,ARDEC 2200,FALSE,A2-02-IN,"Selenium, Total",0.01,mg/L,FALSE,200.8,SE,0.0002,0.0002,,,,,,,,,,
2200,7/13/2022,Irrigation 2,ARDEC 2200,TRUE,A2-02-IN-D,"Selenium, Total",0.01,mg/L,FALSE,200.8,SE,0.0002,0.0002,,,,,,,,,,
2200,7/13/2022,Irrigation 2,ARDEC 2200,FALSE,A2-02-OT,"Selenium, Total",0.0091,mg/L,FALSE,200.8,SE,0.0002,0.0002,,,,,,,,,,
2200,7/13/2022,Irrigation 2,ARDEC 2200,TRUE,A2-02-OT-D,"Selenium, Total",0.0086,mg/L,FALSE,200.8,SE,0.0002,0.0002,,,,,,,,,,
2200,7/19/2022,Irrigation 3,ARDEC 2200,FALSE,A2-03-IN,"Selenium, Total",0.0086,mg/L,FALSE,200.8,SE,0.0002,0.0002,,,,,,,,,,
2200,7/19/2022,Irrigation 3,ARDEC 2200,TRUE,A2-03-IN-D,"Selenium, Total",0.0087,mg/L,FALSE,200.8,SE,0.0002,0.0002,,,,,,,,,,
2200,7/19/2022,Irrigation 3,ARDEC 2200,FALSE,A2-03-OT,"Selenium, Total",0.0084,mg/L,FALSE,200.8,SE,0.0002,0.0002,,,,,,,,,,
2200,7/19/2022,Irrigation 3,ARDEC 2200,TRUE,A2-03-OT-D,"Selenium, Total",0.0085,mg/L,FALSE,200.8,SE,0.0002,0.0002,,,,,,,,,,
2200,7/27/2022,Irrigation 4,ARDEC 2200,FALSE,A2-04-IN,"Selenium, Total",0.0096,mg/L,FALSE,200.8,SE,0.0002,0.0002,,,,,,,,,,
2200,7/27/2022,Irrigation 4,ARDEC 2200,FALSE,A2-04-OT,"Selenium, Total",0.008,mg/L,FALSE,200.8,SE,0.0002,0.0002,,,,,,,,,,
2200,7/27/2022,Irrigation 4,ARDEC 2200,TRUE,A2-04-OT-D,"Selenium, Total",0.0092,mg/L,FALSE,200.8,SE,0.0002,0.0002,,,,,,,,,,
2200,8/20/2022,Irrigation 5,ARDEC 2200,FALSE,A2-05-IN-1,"Selenium, Total",0.0081,mg/L,FALSE,200.8,SE,0.0002,0.0002,,,,,,,,,,
2200,8/20/2022,Irrigation 5,ARDEC 2200,TRUE,A2-05-IN-1-D,"Selenium, Total",0.0095,mg/L,FALSE,200.8,SE,0.0002,0.0002,,,,,,,,,,
2200,8/20/2022,Irrigation 5,ARDEC 2200,FALSE,A2-05-OT-1,"Selenium, Total",0.0083,mg/L,FALSE,200.8,SE,0.0002,0.0002,,,,,,,,,,
2200,8/20/2022,Irrigation 5,ARDEC 2200,TRUE,A2-05-OT-1-D,"Selenium, Total",0.0089,mg/L,FALSE,200.8,SE,0.0002,0.0002,,,,,,,,,,
2200,8/26/2022,Irrigation 6,ARDEC 2200,FALSE,A2-06-GP-1,"Selenium, Total",0.00865,mg/L,FALSE,200.8,SE,0.0002,0.0002,,,,,,,,,,
2200,8/26/2022,Irrigation 6,ARDEC 2200,FALSE,A2-06-IN-1,"Selenium, Total",0.00954,mg/L,FALSE,200.8,SE,0.0002,0.0002,,,,,,,,,,
2200,8/26/2022,Irrigation 6,ARDEC 2200,TRUE,A2-06-IN-1-D,"Selenium, Total",0.00934,mg/L,FALSE,200.8,SE,0.0002,0.0002,,,,,,,,,,
2200,8/26/2022,Irrigation 6,ARDEC 2200,FALSE,A2-06-OT-1,"Selenium, Total",0.00823,mg/L,FALSE,200.8,SE,0.0002,0.0002,,,,,,,,,,
2200,8/26/2022,Irrigation 6,ARDEC 2200,TRUE,A2-06-OT-1-D,"Selenium, Total",0.00831,mg/L,FALSE,200.8,SE,0.0002,0.0002,,,,,,,,,,
ARDEC,8/23/2023,Irrigation 2,,FALSE,A2-02-OT-ISC-4,Specific Conductance,0.1709,dS/m,FALSE,E120.1 - COND_W,,5,5,Outflow,,1,RL,,ISCO,,,,
ARDEC,8/15/2023,Irrigation 2,,TRUE,A2-02-OT-ISC-4-D,Specific Conductance,0.1692,dS/m,FALSE,E120.1 - COND_W,,5,5,Outflow,,1,RL,,ISCO,,,,
ARDEC,8/23/2023,Irrigation 3,,FALSE,A2-03-IN-ISC-4,Specific Conductance,0.1675,dS/m,FALSE,E120.1 - COND_W,,5,5,Inflow,,1,RL,,ISCO,,,,
ARDEC,8/23/2023,Irrigation 3,,TRUE,A2-03-IN-ISC-4-D,Specific Conductance,0.1679,dS/m,FALSE,E120.1 - COND_W,,5,5,Inflow,,1,RL,,ISCO,,,,
ARDEC,8/23/2023,Irrigation 3,,FALSE,A2-03-OT-ISC-4,Specific Conductance,0.1675,dS/m,FALSE,E120.1 - COND_W,,5,5,Outflow,,1,RL,,ISCO,,,,
ARDEC,8/23/2023,Irrigation 3,,TRUE,A2-03-OT-ISC-4-D,Specific Conductance,0.1677,dS/m,FALSE,E120.1 - COND_W,,5,5,Outflow,,1,RL,,ISCO,,,,
ARDEC,8/1/2023,Storm 1,,FALSE,A2-S1-OT-ISC-4,Specific Conductance,0.455,dS/m,FALSE,E120.1 - COND_W,,5,5,Outflow,,1,RL,,ISCO,,,,
ARDEC,8/1/2023,Storm 1,,TRUE,A2-S1-OT-ISC-4-D,Specific Conductance,0.357,dS/m,FALSE,E120.1 - COND_W,,5,5,Outflow,,1,RL,,ISCO,,,,
2200,6/7/2021,Irrigation 1,Outflow,FALSE,A2-01-OT-1,"Suspended Solids (Residue, Non-Filterable)",196.6666667,mg/L,FALSE,E160.2 - TSS_W_160.2,TSS,2.5,2.5,,,,,,,,,,
2200,6/7/2021,Irrigation 1,Outflow,TRUE,A2-01-OT-1-D,"Suspended Solids (Residue, Non-Filterable)",56.66666667,mg/L,FALSE,E160.2 - TSS_W_160.2,TSS,2.5,2.5,,,,,,,,,,
2200,6/7/2021,Irrigation 1,Outflow,FALSE,A2-01-OT-2,"Suspended Solids (Residue, Non-Filterable)",43.33333333,mg/L,FALSE,E160.2 - TSS_W_160.2,TSS,2.5,2.5,,,,,,,,,,
2200,6/7/2021,Irrigation 1,Outflow,TRUE,A2-01-OT-2-D,"Suspended Solids (Residue, Non-Filterable)",50,mg/L,FALSE,E160.2 - TSS_W_160.2,TSS,2.5,2.5,,,,,,,,,,
2200,6/15/2021,Irrigation 2,Outflow,FALSE,A2-02-OT-1,"Suspended Solids (Residue, Non-Filterable)",43.33333333,mg/L,FALSE,E160.2 - TSS_W_160.2,TSS,2.5,2.5,,,,,,,,,,
2200,6/15/2021,Irrigation 2,Outflow,TRUE,A2-02-OT-D,"Suspended Solids (Residue, Non-Filterable)",53.33333333,mg/L,FALSE,E160.2 - TSS_W_160.2,TSS,2.5,2.5,,,,,,,,,,
2200,6/15/2021,Irrigation 2,Inflow,FALSE,A2-02-IN,"Suspended Solids (Residue, Non-Filterable)",163.3333333,mg/L,FALSE,E160.2 - TSS_W_160.2,TSS,2.5,2.5,,,,,,,,,,
2200,6/15/2021,Irrigation 2,Inflow,TRUE,A2-02-IN-D,"Suspended Solids (Residue, Non-Filterable)",223.3333333,mg/L,FALSE,E160.2 - TSS_W_160.2,TSS,2.5,2.5,,,,,,,,,,
2200,6/30/2021,Irrigation 3,Outflow,FALSE,A2-03-OT-1,"Suspended Solids (Residue, Non-Filterable)",73.33333333,mg/L,FALSE,E160.2 - TSS_W_160.2,TSS,2.5,2.5,,,,,,,,,,
2200,6/30/2021,Irrigation 3,Outflow,TRUE,A2-03-OT-D-1,"Suspended Solids (Residue, Non-Filterable)",66.66666667,mg/L,FALSE,E160.2 - TSS_W_160.2,TSS,2.5,2.5,,,,,,,,,,
2200,6/30/2021,Irrigation 3,Outflow,FALSE,A2-03-OT-2,"Suspended Solids (Residue, Non-Filterable)",33.33333333,mg/L,FALSE,E160.2 - TSS_W_160.2,TSS,2.5,2.5,,,,,,,,,,
2200,6/30/2021,Irrigation 3,Outflow,TRUE,A2-03-OT-D-2,"Suspended Solids (Residue, Non-Filterable)",50,mg/L,FALSE,E160.2 - TSS_W_160.2,TSS,2.5,2.5,,,,,,,,,,
2200,6/30/2021,Irrigation 3,Inflow,FALSE,A2-03-IN-2,"Suspended Solids (Residue, Non-Filterable)",113.3333333,mg/L,FALSE,E160.2 - TSS_W_160.2,TSS,2.5,2.5,,,,,,,,,,
2200,6/30/2021,Irrigation 3,Inflow,TRUE,A2-03-IN-D-2,"Suspended Solids (Residue, Non-Filterable)",130,mg/L,FALSE,E160.2 - TSS_W_160.2,TSS,2.5,2.5,,,,,,,,,,
2200,6/29/2022,Irrigation 1,ARDEC 2200,FALSE,AT-01-IN,"Suspended Solids (Residue, Non-Filterable)",216.67,mg/L,FALSE,E160.2 - TSS_W_160.2,TSS,2.5,2.5,,,,,,,,,,
2200,6/29/2022,Irrigation 1,ARDEC 2200,TRUE,AT-01-IN-D,"Suspended Solids (Residue, Non-Filterable)",36.67,mg/L,FALSE,E160.2 - TSS_W_160.2,TSS,2.5,2.5,,,,,,,,,,
2200,6/29/2022,Irrigation 1,ARDEC 2200,FALSE,AT-01-OT,"Suspended Solids (Residue, Non-Filterable)",903.33,mg/L,FALSE,E160.2 - TSS_W_160.2,TSS,2.5,2.5,,,,,,,,,,
2200,6/29/2022,Irrigation 1,ARDEC 2200,TRUE,AT-01-OT-D,"Suspended Solids (Residue, Non-Filterable)",930.00,mg/L,FALSE,E160.2 - TSS_W_160.2,TSS,2.5,2.5,,,,,,,,,,
2200,7/13/2022,Irrigation 2,ARDEC 2200,FALSE,A2-02-IN,"Suspended Solids (Residue, Non-Filterable)",550.00,mg/L,FALSE,E160.2 - TSS_W_160.2,TSS,2.5,2.5,,,,,,,,,,
2200,7/13/2022,Irrigation 2,ARDEC 2200,TRUE,A2-02-IN-D,"Suspended Solids (Residue, Non-Filterable)",523.33,mg/L,FALSE,E160.2 - TSS_W_160.2,TSS,2.5,2.5,,,,,,,,,,
2200,7/13/2022,Irrigation 2,ARDEC 2200,FALSE,A2-02-OT,"Suspended Solids (Residue, Non-Filterable)",100.00,mg/L,FALSE,E160.2 - TSS_W_160.2,TSS,2.5,2.5,,,,,,,,,,
2200,7/13/2022,Irrigation 2,ARDEC 2200,TRUE,A2-02-OT-D,"Suspended Solids (Residue, Non-Filterable)",103.33,mg/L,FALSE,E160.2 - TSS_W_160.2,TSS,2.5,2.5,,,,,,,,,,
2200,7/19/2022,Irrigation 3,ARDEC 2200,FALSE,A2-03-IN,"Suspended Solids (Residue, Non-Filterable)",363.3333,mg/L,FALSE,E160.2 - TSS_W_160.2,TSS,2.5,2.5,,,,,,,,,,
2200,7/19/2022,Irrigation 3,ARDEC 2200,TRUE,A2-03-IN-D,"Suspended Solids (Residue, Non-Filterable)",353.3333,mg/L,FALSE,E160.2 - TSS_W_160.2,TSS,2.5,2.5,,,,,,,,,,
2200,7/19/2022,Irrigation 3,ARDEC 2200,FALSE,A2-03-OT,"Suspended Solids (Residue, Non-Filterable)",36.66667,mg/L,FALSE,E160.2 - TSS_W_160.2,TSS,2.5,2.5,,,,,,,,,,
2200,7/19/2022,Irrigation 3,ARDEC 2200,TRUE,A2-03-OT-D,"Suspended Solids (Residue, Non-Filterable)",56.66667,mg/L,FALSE,E160.2 - TSS_W_160.2,TSS,2.5,2.5,,,,,,,,,,
2200,7/27/2022,Irrigation 4,ARDEC 2200,FALSE,A2-04-IN,"Suspended Solids (Residue, Non-Filterable)",250,mg/L,FALSE,E160.2 - TSS_W_160.2,TSS,2.5,2.5,,,,,,,,,,
2200,7/27/2022,Irrigation 4,ARDEC 2200,FALSE,A2-04-OT,"Suspended Solids (Residue, Non-Filterable)",36.67,mg/L,FALSE,E160.2 - TSS_W_160.2,TSS,2.5,2.5,,,,,,,,,,
2200,7/27/2022,Irrigation 4,ARDEC 2200,TRUE,A2-04-OT-D,"Suspended Solids (Residue, Non-Filterable)",36.67,mg/L,FALSE,E160.2 - TSS_W_160.2,TSS,2.5,2.5,,,,,,,,,,
2200,8/20/2022,Irrigation 5,ARDEC 2200,FALSE,A2-05-IN-1,"Suspended Solids (Residue, Non-Filterable)",,mg/L,FALSE,E160.2 - TSS_W_160.2,TSS,2.5,2.5,,,,,,,,,,
2200,8/20/2022,Irrigation 5,ARDEC 2200,TRUE,A2-05-IN-1-D,"Suspended Solids (Residue, Non-Filterable)",,mg/L,FALSE,E160.2 - TSS_W_160.2,TSS,2.5,2.5,,,,,,,,,,
2200,8/20/2022,Irrigation 5,ARDEC 2200,FALSE,A2-05-OT-1,"Suspended Solids (Residue, Non-Filterable)",,mg/L,FALSE,E160.2 - TSS_W_160.2,TSS,2.5,2.5,,,,,,,,,,
2200,8/20/2022,Irrigation 5,ARDEC 2200,TRUE,A2-05-OT-1-D,"Suspended Solids (Residue, Non-Filterable)",,mg/L,FALSE,E160.2 - TSS_W_160.2,TSS,2.5,2.5,,,,,,,,,,
2200,8/26/2022,Irrigation 6,ARDEC 2200,FALSE,A2-06-GP-1,"Suspended Solids (Residue, Non-Filterable)",,mg/L,FALSE,E160.2 - TSS_W_160.2,TSS,2.5,2.5,,,,,,,,,,
2200,8/26/2022,Irrigation 6,ARDEC 2200,FALSE,A2-06-IN-1,"Suspended Solids (Residue, Non-Filterable)",,mg/L,FALSE,E160.2 - TSS_W_160.2,TSS,2.5,2.5,,,,,,,,,,
2200,8/26/2022,Irrigation 6,ARDEC 2200,TRUE,A2-06-IN-1-D,"Suspended Solids (Residue, Non-Filterable)",,mg/L,FALSE,E160.2 - TSS_W_160.2,TSS,2.5,2.5,,,,,,,,,,
2200,8/26/2022,Irrigation 6,ARDEC 2200,FALSE,A2-06-OT-1,"Suspended Solids (Residue, Non-Filterable)",,mg/L,FALSE,E160.2 - TSS_W_160.2,TSS,2.5,2.5,,,,,,,,,,
2200,8/26/2022,Irrigation 6,ARDEC 2200,TRUE,A2-06-OT-1-D,"Suspended Solids (Residue, Non-Filterable)",,mg/L,FALSE,E160.2 - TSS_W_160.2,TSS,2.5,2.5,,,,,,,,,,
ARDEC,8/23/2023,Irrigation 2,,FALSE,A2-02-OT-ISC-4,"Suspended Solids (Residue, Non-Filterable)",73.33333333,mg/L,FALSE,E160.2 - TSS_W_160.2,,2.5,2.5,Outflow,,1,RL,,ISCO,,,,
ARDEC,8/15/2023,Irrigation 2,,TRUE,A2-02-OT-ISC-4-D,"Suspended Solids (Residue, Non-Filterable)",70,mg/L,FALSE,E160.2 - TSS_W_160.2,,2.5,2.5,Outflow,,1,RL,,ISCO,,,,
ARDEC,8/23/2023,Irrigation 3,,FALSE,A2-03-IN-ISC-4,"Suspended Solids (Residue, Non-Filterable)",1076.666667,mg/L,FALSE,E160.2 - TSS_W_160.2,,2.5,2.5,Inflow,,1,RL,,ISCO,,,,
ARDEC,8/23/2023,Irrigation 3,,TRUE,A2-03-IN-ISC-4-D,"Suspended Solids (Residue, Non-Filterable)",966.6666667,mg/L,FALSE,E160.2 - TSS_W_160.2,,2.5,2.5,Inflow,,1,RL,,ISCO,,,,
ARDEC,8/23/2023,Irrigation 3,,FALSE,A2-03-OT-ISC-4,"Suspended Solids (Residue, Non-Filterable)",83.33333333,mg/L,FALSE,E160.2 - TSS_W_160.2,,2.5,2.5,Outflow,,1,RL,,ISCO,,,,
ARDEC,8/23/2023,Irrigation 3,,TRUE,A2-03-OT-ISC-4-D,"Suspended Solids (Residue, Non-Filterable)",70,mg/L,FALSE,E160.2 - TSS_W_160.2,,2.5,2.5,Outflow,,1,RL,,ISCO,,,,
ARDEC,8/1/2023,Storm 1,,FALSE,A2-S1-OT-ISC-4,"Suspended Solids (Residue, Non-Filterable)",913.3333333,mg/L,FALSE,E160.2 - TSS_W_160.2,,2.5,2.5,Outflow,,1,RL,,ISCO,,,,
ARDEC,8/1/2023,Storm 1,,TRUE,A2-S1-OT-ISC-4-D,"Suspended Solids (Residue, Non-Filterable)",756.6666667,mg/L,FALSE,E160.2 - TSS_W_160.2,,2.5,2.5,Outflow,,1,RL,,ISCO,,,,
ARDEC,7/18/2023 16:00,Irrigation 1,,FALSE,A2-01-IN-ISC,"Total Dissolved Solids (Residue, Filterable)",4560,mg/L,FALSE,E160.1 - TDS_W_160.1,TDS,5,10,Inflow,HS23071046-06,1,RL,,ISCO,,,,7/18/2023 13:35
ARDEC,7/18/2023 16:00,Irrigation 1,,FALSE,A2-01-OT-ISC,"Total Dissolved Solids (Residue, Filterable)",1400,mg/L,FALSE,E160.1 - TDS_W_160.1,TDS,5,10,Outflow,HS23071046-04,1,RL,,ISCO,,,,7/18/2023 13:35
Lab Blank,7/18/2023 16:00,Irrigation 1,,FALSE,BK-A2-01,"Total Dissolved Solids (Residue, Filterable)",0,mg/L,FALSE,E160.1 - TDS_W_160.1,TDS,5,10,Lab Blank,HS23071046-05,1,RL,,Lab Blank,,,,7/18/2023 13:35
ARDEC,8/16/2023 3:00,Irrigation 2,,FALSE,A2-02-OT-ISC,"Total Dissolved Solids (Residue, Filterable)",2340,mg/L,FALSE,E160.1 - TDS_W_160.1,TDS,5,10,Outflow,HS23081137-01,1,RL,,ISCO,,,,8/18/2023 9:50
ARDEC,8/16/2023 3:00,Irrigation 2,,TRUE,A2-02-OT-ISC-D,"Total Dissolved Solids (Residue, Filterable)",1310,mg/L,FALSE,E160.1 - TDS_W_160.1,TDS,5,10,Outflow,HS23081137-02,1,RL,,ISCO,,,,8/18/2023 9:50
Lab Blank,8/16/2023 3:00,Irrigation 2,,FALSE,BK-A2-02,"Total Dissolved Solids (Residue, Filterable)",240,mg/L,FALSE,E160.1 - TDS_W_160.1,TDS,5,10,Lab Blank,HS23081137-03,1,RL,,Lab Blank,,,,8/18/2023 9:50
ARDEC,8/22/2023 16:00,Irrigation 3,,FALSE,A2-03-IN-ISC,"Total Dissolved Solids (Residue, Filterable)",1170,mg/L,FALSE,E160.1 - TDS_W_160.1,TDS,5,10,Inflow,HS23081394-04,1,RL,,ISCO,,,,8/23/2023 8:00
ARDEC,8/22/2023 16:00,Irrigation 3,,TRUE,A2-03-IN-ISC-D,"Total Dissolved Solids (Residue, Filterable)",1240,mg/L,FALSE,E160.1 - TDS_W_160.1,TDS,5,10,Inflow,HS23081394-05,1,RL,,ISCO,,,,8/23/2023 8:00
ARDEC,8/22/2023 16:00,Irrigation 3,,FALSE,A2-03-OT-ISC,"Total Dissolved Solids (Residue, Filterable)",1340,mg/L,FALSE,E160.1 - TDS_W_160.1,TDS,5,10,Outflow,HS23081394-01,1,RL,,ISCO,,,,8/23/2023 8:00
ARDEC,8/22/2023 16:00,Irrigation 3,,TRUE,A2-03-OT-ISC-D,"Total Dissolved Solids (Residue, Filterable)",1360,mg/L,FALSE,E160.1 - TDS_W_160.1,TDS,5,10,Outflow,HS23081394-02,1,RL,,ISCO,,,,8/23/2023 8:00
Lab Blank,8/22/2023 16:00,Irrigation 3,,FALSE,BK-A2-03,"Total Dissolved Solids (Residue, Filterable)",38,mg/L,FALSE,E160.1 - TDS_W_160.1,TDS,5,10,Lab Blank,HS23081394-03,1,RL,,Lab Blank,,,,8/23/2023 8:00
